{
  "major_radius": 7.256728441687544,
  "minor_radius": 2.7480810647853193,
  "elongation": 2.062715413155894,
  "triangularity": 0.3059090011063283,
  "toroidal_field": 7.247594641774438,
  "plasma_current": 7661784.40463312,
  "initial_temperature": 204678358.6574481,
  "initial_density": 1.88501397870407e+20,
  "input_power": 76293887.54798472,
  "auxiliary_heating": 3661901.730128281,
  "current_drive_power": 11053019.138699658,
  "initial_tritium_inventory": 6.169818997569414e+24,
  "initial_deuterium_inventory": 4.467574144023526e+26
}